{
  "items": [
    {
      "vFLD_LIST_CODE1": "1301",
      "vFLD_NAME_C1": "台塑",
      "vFLD_LIST_CODE2": "1303",
      "vFLD_NAME_C2": "南亞",
      "vFLD_LIST_CODE3": "1314",
      "vFLD_NAME_C3": "中石化",
      "vFLD_LIST_CODE4": "1308",
      "vFLD_NAME_C4": "亞聚",
      "vFLD_LIST_CODE5": "1312",
      "vFLD_NAME_C5": "國喬",
      "vFLD_YMD": "10/12",
      "vFLD_CLOSE": "66.70元",
      "vFLD_UP_DN": "-0.60",
      "vFLD_UP_DN_RATE": "-0.8915",
      "v52_WEEK_HIGH_PRICE": "82.60元",
      "v52_WEEK_LOW_PRICE": "64.40元",
      "vGET_MONEY_DATE": "2022/09",
      "vGET_MONEY": "308.23億元",
      "vFLD_PRCQ_YMD": "2022/Q2",
      "vFLD_PER": "15.33倍",
      "vSTK_VALUE": "62.31元",
      "vFLD_PBR": "1.07",
      "vFLD_ROE": "1.83%",
      "vFLD_TXN_VOLUME": "15205",
      "vFLD_CLOSE_WEEK": "-3.05%",
      "vFLD_CLOSE_MONTH": "-4.03%",
      "vFLD_CLOSE_SEASON": "0.60%",
      "vFLD_K9_UPDNRATE": "41.33",
      "vFLD_D9_UPDNRATE": "56.04",
      "vMACD": "-0.18",
      "vFLD_YMD1": "10/12",
      "vFLD_FRN_AMT1": "-2828",
      "vFLD_ITH_AMT1": "54",
      "vFLD_DLR_AMT1": "95",
      "vFLD_TOT_AMT1": "-2679",
      "vFLD_YMD2": "10/11",
      "vFLD_FRN_AMT2": "-1098",
      "vFLD_ITH_AMT2": "70",
      "vFLD_DLR_AMT2": "30",
      "vFLD_TOT_AMT2": "-998",
      "vFLD_YMD3": "10/07",
      "vFLD_FRN_AMT3": "-385",
      "vFLD_ITH_AMT3": "56",
      "vFLD_DLR_AMT3": "-5",
      "vFLD_TOT_AMT3": "-334",
      "vFLD_BAL_YMD": "10/12",
      "vFLD_M_BAL_SHARE": "734",
      "vFLD_S_BAL_SHARE": "17",
      "vFLD_M_BAL_DIF": "1",
      "vFLD_S_BAL_DIF": "-9",
      "vFLD_BAL_RATE": "2.32%",
      "vFLD_BAL_RATE_DIF": "-1.23%",
      "vFLD_PROFIT": "7.80/6.19",
      "vFLD_EPS": "2.11/1.08",
      "BROKER_BS_DATE": "08/09",
      "BROKER_BS_BUY_NAME1": "花旗環球",
      "BROKER_BS_BUY1": "448",
      "BROKER_BS_BUY_NAME2": "元大",
      "BROKER_BS_BUY2": "304",
      "BROKER_BS_BUY_NAME3": "摩根大通",
      "BROKER_BS_BUY3": "176",
      "BROKER_BS_BUY_NAME4": "永豐金",
      "BROKER_BS_BUY4": "107",
      "BROKER_BS_BUY_NAME5": "鑫豐",
      "BROKER_BS_BUY5": "51",
      "BROKER_BS_SELL_NAME1": "台灣摩根",
      "BROKER_BS_SELL1": "-393",
      "BROKER_BS_SELL_NAME2": "凱基",
      "BROKER_BS_SELL2": "-168",
      "BROKER_BS_SELL_NAME3": "日盛",
      "BROKER_BS_SELL3": "-127",
      "BROKER_BS_SELL_NAME4": "美林",
      "BROKER_BS_SELL4": "-113",
      "BROKER_BS_SELL_NAME5": "瑞士信貸",
      "BROKER_BS_SELL5": "-90",
      "FLD_EPS_Q_NAME1": "111年/Q2",
      "FLD_EPS_Q_VALUE1": "1.08",
      "FLD_EPS_Q_NAME2": "111年/Q1",
      "FLD_EPS_Q_VALUE2": "1.03",
      "FLD_EPS_Q_NAME3": "110年/Q4",
      "FLD_EPS_Q_VALUE3": "0.61",
      "FLD_EPS_Q_NAME4": "110年/Q3",
      "FLD_EPS_Q_VALUE4": "1.62",
      "FLD_EPS_Y_NAME1": "111年(近期累計)",
      "FLD_EPS_Y_VALUE1": "2.11",
      "FLD_EPS_Y_NAME2": "110年",
      "FLD_EPS_Y_VALUE2": "6.56",
      "FLD_EPS_Y_NAME3": "109年",
      "FLD_EPS_Y_VALUE3": "3.34",
      "FLD_EPS_Y_NAME4": "108年",
      "FLD_EPS_Y_VALUE4": "4.89",
      "FLD_NET_VALUE": "62.31",
      "STOCK_CHARACTER": "3"
    }
  ],
  "count": "1",
  "totalcount": "",
  "error": ""
}
